-- Adminer 4.1.0 MySQL dump

SET NAMES utf8;
SET time_zone = '+00:00';
SET foreign_key_checks = 0;
SET sql_mode = 'NO_AUTO_VALUE_ON_ZERO';

DROP DATABASE IF EXISTS `dotadev`;
CREATE DATABASE `dotadev` /*!40100 DEFAULT CHARACTER SET utf8 */;
USE `dotadev`;

DROP TABLE IF EXISTS `groups`;
CREATE TABLE `groups` (
  `id` int(11) NOT NULL,
  `name` varchar(45) DEFAULT NULL,
  `created` datetime DEFAULT NULL,
  `modified` datetime DEFAULT NULL,
  PRIMARY KEY (`id`)
) ENGINE=InnoDB DEFAULT CHARSET=utf8;

INSERT INTO `groups` (`id`, `name`, `created`, `modified`) VALUES
(1,	'Strength',	'2014-09-06 21:01:43',	'2014-09-06 21:01:43'),
(2,	'Agility',	'2014-09-06 21:01:58',	'2014-09-06 21:01:58'),
(3,	'Intelligence',	'2014-09-06 21:04:27',	'2014-09-06 21:04:42');

DROP TABLE IF EXISTS `heroes`;
CREATE TABLE `heroes` (
  `id` int(11) NOT NULL,
  `name` varchar(45) NOT NULL,
  `side_id` int(11) NOT NULL,
  `group_id` int(11) NOT NULL,
  `attack_min` int(11) NOT NULL,
  `attack_max` int(11) NOT NULL,
  `speed` int(11) NOT NULL,
  `shield` int(11) NOT NULL,
  `base_strength` int(11) NOT NULL,
  `lvl_strength` int(11) NOT NULL,
  `base_agility` int(11) NOT NULL,
  `lvl_agility` int(11) NOT NULL,
  `base_intelligence` int(11) NOT NULL,
  `lvl_intelligence` int(11) NOT NULL,
  `image` varchar(45) DEFAULT NULL,
  `created` datetime DEFAULT NULL,
  `modified` datetime DEFAULT NULL,
  PRIMARY KEY (`id`),
  KEY `side_id` (`side_id`),
  CONSTRAINT `heroes_ibfk_1` FOREIGN KEY (`side_id`) REFERENCES `sides` (`id`)
) ENGINE=InnoDB DEFAULT CHARSET=utf8;

INSERT INTO `heroes` (`id`, `name`, `side_id`, `group_id`, `attack_min`, `attack_max`, `speed`, `shield`, `base_strength`, `lvl_strength`, `base_agility`, `lvl_agility`, `base_intelligence`, `lvl_intelligence`, `image`, `created`, `modified`) VALUES
(1,	'Earthshaker',	1,	1,	0,	0,	0,	0,	0,	0,	0,	0,	0,	0,	'',	'2014-09-06 22:13:10',	'2014-09-06 22:13:10'),
(2,	'Axe',	2,	1,	0,	0,	0,	0,	0,	0,	0,	0,	0,	0,	'',	'2014-09-06 22:13:13',	'2014-09-06 22:14:45'),
(3,	'Sven',	1,	1,	0,	0,	0,	0,	0,	0,	0,	0,	0,	0,	'',	'2014-09-06 22:13:17',	'2014-09-06 22:13:17'),
(4,	'Tiny',	1,	1,	0,	0,	0,	0,	0,	0,	0,	0,	0,	0,	'',	'2014-09-06 22:13:23',	'2014-09-06 22:13:23'),
(5,	'Pudge',	2,	1,	0,	0,	0,	0,	0,	0,	0,	0,	0,	0,	'',	'2014-09-06 22:13:31',	'2014-09-06 22:13:31'),
(6,	'Kunkka',	1,	1,	0,	0,	0,	0,	0,	0,	0,	0,	0,	0,	'',	'2014-09-06 22:13:32',	'2014-09-06 22:13:32'),
(7,	'Beastmaster',	1,	1,	0,	0,	0,	0,	0,	0,	0,	0,	0,	0,	'',	'2014-09-06 22:13:41',	'2014-09-06 22:13:41'),
(8,	'Dragon Knight',	1,	1,	0,	0,	0,	0,	0,	0,	0,	0,	0,	0,	'',	'2014-09-06 22:13:55',	'2014-09-06 22:13:55'),
(9,	'Clockwerk',	1,	1,	0,	0,	0,	0,	0,	0,	0,	0,	0,	0,	'',	'2014-09-06 22:14:09',	'2014-09-06 22:14:09'),
(10,	'Omniknight',	1,	1,	0,	0,	0,	0,	0,	0,	0,	0,	0,	0,	'',	'2014-09-06 22:14:18',	'2014-09-06 22:14:18'),
(11,	'Huskar',	1,	1,	0,	0,	0,	0,	0,	0,	0,	0,	0,	0,	'',	'2014-09-06 22:14:29',	'2014-09-06 22:14:29'),
(12,	'Alchemist',	1,	1,	0,	0,	0,	0,	0,	0,	0,	0,	0,	0,	'',	'2014-09-06 22:14:36',	'2014-09-06 22:14:36'),
(13,	'Brewmaster',	1,	1,	0,	0,	0,	0,	0,	0,	0,	0,	0,	0,	'',	'2014-09-06 22:14:46',	'2014-09-06 22:14:46'),
(14,	'Treant Protector',	1,	1,	0,	0,	0,	0,	0,	0,	0,	0,	0,	0,	'',	'2014-09-06 22:14:55',	'2014-09-06 22:14:55'),
(15,	'Sand King',	2,	1,	0,	0,	0,	0,	0,	0,	0,	0,	0,	0,	'',	'2014-09-06 22:14:59',	'2014-09-06 22:14:59'),
(16,	'Slardar',	2,	1,	0,	0,	0,	0,	0,	0,	0,	0,	0,	0,	'',	'2014-09-06 22:15:08',	'2014-09-06 22:15:08'),
(17,	'IO',	1,	1,	0,	0,	0,	0,	0,	0,	0,	0,	0,	0,	'',	'2014-09-06 22:15:21',	'2014-09-06 22:15:21'),
(18,	'Tidehunter',	2,	1,	0,	0,	0,	0,	0,	0,	0,	0,	0,	0,	'',	'2014-09-06 22:15:22',	'2014-09-06 22:15:22'),
(19,	'Centaur Warrunner',	1,	1,	0,	0,	0,	0,	0,	0,	0,	0,	0,	0,	'',	'2014-09-06 22:15:32',	'2014-09-06 22:15:32'),
(20,	'Skeleton King',	2,	1,	0,	0,	0,	0,	0,	0,	0,	0,	0,	0,	'',	'2014-09-06 22:15:34',	'2014-09-06 22:15:34'),
(21,	'Timbersaw',	1,	1,	0,	0,	0,	0,	0,	0,	0,	0,	0,	0,	'',	'2014-09-06 22:15:42',	'2014-09-06 22:15:42'),
(22,	'Lifestealer',	2,	1,	0,	0,	0,	0,	0,	0,	0,	0,	0,	0,	'',	'2014-09-06 22:15:44',	'2014-09-06 22:15:44'),
(23,	'Bristleback',	1,	1,	0,	0,	0,	0,	0,	0,	0,	0,	0,	0,	'',	'2014-09-06 22:15:50',	'2014-09-06 22:15:50'),
(24,	'Tusk',	1,	1,	0,	0,	0,	0,	0,	0,	0,	0,	0,	0,	'',	'2014-09-06 22:15:56',	'2014-09-06 22:15:56'),
(25,	'Elder Titan',	1,	1,	0,	0,	0,	0,	0,	0,	0,	0,	0,	0,	'',	'2014-09-06 22:16:02',	'2014-09-06 22:16:02'),
(26,	'Night Stalker',	2,	1,	0,	0,	0,	0,	0,	0,	0,	0,	0,	0,	'',	'2014-09-06 22:16:06',	'2014-09-06 22:16:06'),
(27,	'Legion Commander',	1,	1,	0,	0,	0,	0,	0,	0,	0,	0,	0,	0,	'',	'2014-09-06 22:16:12',	'2014-09-06 22:16:12'),
(28,	'Doom Bringer',	2,	1,	0,	0,	0,	0,	0,	0,	0,	0,	0,	0,	'',	'2014-09-06 22:16:18',	'2014-09-06 22:16:18'),
(29,	'Earth Spirit',	1,	1,	0,	0,	0,	0,	0,	0,	0,	0,	0,	0,	'',	'2014-09-06 22:16:27',	'2014-09-06 22:16:27'),
(30,	'Spirit Breaker',	2,	1,	0,	0,	0,	0,	0,	0,	0,	0,	0,	0,	'',	'2014-09-06 22:16:28',	'2014-09-06 22:16:28'),
(31,	'Phoenix',	1,	1,	0,	0,	0,	0,	0,	0,	0,	0,	0,	0,	'',	'2014-09-06 22:16:37',	'2014-09-06 22:16:37'),
(32,	'Lycanthrope',	2,	1,	0,	0,	0,	0,	0,	0,	0,	0,	0,	0,	'',	'2014-09-06 22:16:42',	'2014-09-06 22:16:42'),
(33,	'Anti-Mage',	1,	2,	0,	0,	0,	0,	0,	0,	0,	0,	0,	0,	'',	'2014-09-06 22:16:51',	'2014-09-06 22:16:51'),
(34,	'Chaos Knight',	2,	1,	0,	0,	0,	0,	0,	0,	0,	0,	0,	0,	'',	'2014-09-06 22:16:58',	'2014-09-06 22:16:58'),
(35,	'Drow Ranger',	1,	2,	0,	0,	0,	0,	0,	0,	0,	0,	0,	0,	'',	'2014-09-06 22:17:01',	'2014-09-06 22:17:01'),
(36,	'Undying',	2,	1,	0,	0,	0,	0,	0,	0,	0,	0,	0,	0,	'',	'2014-09-06 22:17:10',	'2014-09-06 22:17:10'),
(37,	'Juggernaut',	1,	2,	0,	0,	0,	0,	0,	0,	0,	0,	0,	0,	'',	'2014-09-06 22:17:11',	'2014-09-06 22:17:11'),
(38,	'Magnus',	2,	1,	0,	0,	0,	0,	0,	0,	0,	0,	0,	0,	'',	'2014-09-06 22:17:18',	'2014-09-06 22:17:18'),
(39,	'Mirana',	1,	2,	0,	0,	0,	0,	0,	0,	0,	0,	0,	0,	'',	'2014-09-06 22:17:21',	'2014-09-06 22:17:21'),
(40,	'Abaddon',	2,	1,	0,	0,	0,	0,	0,	0,	0,	0,	0,	0,	'',	'2014-09-06 22:17:27',	'2014-09-06 22:17:27'),
(41,	'Morphling',	1,	2,	0,	0,	0,	0,	0,	0,	0,	0,	0,	0,	'',	'2014-09-06 22:17:38',	'2014-09-06 22:17:38'),
(42,	'Phantom Lancer',	1,	2,	0,	0,	0,	0,	0,	0,	0,	0,	0,	0,	'',	'2014-09-06 22:17:48',	'2014-09-06 22:17:48'),
(43,	'Bloodseeker',	2,	2,	0,	0,	0,	0,	0,	0,	0,	0,	0,	0,	'',	'2014-09-06 22:17:52',	'2014-09-06 22:18:19'),
(44,	'Vengeful Spirit',	1,	2,	0,	0,	0,	0,	0,	0,	0,	0,	0,	0,	'',	'2014-09-06 22:17:58',	'2014-09-09 03:15:32'),
(45,	'Shadow Fiend',	2,	2,	0,	0,	0,	0,	0,	0,	0,	0,	0,	0,	'',	'2014-09-06 22:18:08',	'2014-09-06 22:18:08'),
(46,	'Riki',	1,	2,	0,	0,	0,	0,	0,	0,	0,	0,	0,	0,	'',	'2014-09-06 22:18:08',	'2014-09-06 22:18:08'),
(47,	'Sniper',	1,	2,	0,	0,	0,	0,	0,	0,	0,	0,	0,	0,	'',	'2014-09-06 22:18:15',	'2014-09-06 22:18:15'),
(48,	'Templar Assassin',	1,	2,	0,	0,	0,	0,	0,	0,	0,	0,	0,	0,	'',	'2014-09-06 22:18:27',	'2014-09-06 22:18:27'),
(49,	'Razor',	2,	2,	0,	0,	0,	0,	0,	0,	0,	0,	0,	0,	'',	'2014-09-06 22:18:30',	'2014-09-06 22:18:50'),
(50,	'Luna',	1,	2,	0,	0,	0,	0,	0,	0,	0,	0,	0,	0,	'',	'2014-09-06 22:18:34',	'2014-09-06 22:18:34'),
(51,	'Bounty Hunter',	1,	2,	0,	0,	0,	0,	0,	0,	0,	0,	0,	0,	'',	'2014-09-06 22:18:44',	'2014-09-06 22:18:44'),
(52,	'Ursa',	1,	2,	0,	0,	0,	0,	0,	0,	0,	0,	0,	0,	'',	'2014-09-06 22:18:50',	'2014-09-06 22:18:50'),
(53,	'Gyrocopter',	1,	2,	0,	0,	0,	0,	0,	0,	0,	0,	0,	0,	'',	'2014-09-06 22:19:01',	'2014-09-06 22:19:01'),
(54,	'Venomancer',	2,	2,	0,	0,	0,	0,	0,	0,	0,	0,	0,	0,	'',	'2014-09-06 22:19:02',	'2014-09-06 22:19:02'),
(55,	'Lone Druid',	1,	2,	0,	0,	0,	0,	0,	0,	0,	0,	0,	0,	'',	'2014-09-06 22:19:12',	'2014-09-06 22:19:12'),
(56,	'Faceless Void',	2,	2,	0,	0,	0,	0,	0,	0,	0,	0,	0,	0,	'',	'2014-09-06 22:19:15',	'2014-09-06 22:19:15'),
(57,	'Naga Siren',	1,	2,	0,	0,	0,	0,	0,	0,	0,	0,	0,	0,	'',	'2014-09-06 22:19:22',	'2014-09-06 22:19:22'),
(58,	'Phantom Assassin',	2,	2,	0,	0,	0,	0,	0,	0,	0,	0,	0,	0,	'',	'2014-09-06 22:19:29',	'2014-09-06 22:19:29'),
(59,	'Viper',	2,	2,	0,	0,	0,	0,	0,	0,	0,	0,	0,	0,	'',	'2014-09-06 22:19:39',	'2014-09-06 22:19:39'),
(60,	'Troll Warlord',	1,	2,	0,	0,	0,	0,	0,	0,	0,	0,	0,	0,	'',	'2014-09-06 22:19:39',	'2014-09-06 22:19:39'),
(61,	'Ember Spirit',	1,	2,	0,	0,	0,	0,	0,	0,	0,	0,	0,	0,	'',	'2014-09-06 22:19:47',	'2014-09-06 22:19:47'),
(62,	'Clinkz',	2,	2,	0,	0,	0,	0,	0,	0,	0,	0,	0,	0,	'',	'2014-09-06 22:19:51',	'2014-09-06 22:19:51'),
(63,	'Broodmother',	2,	2,	0,	0,	0,	0,	0,	0,	0,	0,	0,	0,	'',	'2014-09-06 22:20:02',	'2014-09-06 22:20:02'),
(64,	'Weaver',	2,	2,	0,	0,	0,	0,	0,	0,	0,	0,	0,	0,	'',	'2014-09-06 22:20:12',	'2014-09-06 22:20:12'),
(65,	'Crystal Maiden',	1,	3,	0,	0,	0,	0,	0,	0,	0,	0,	0,	0,	'',	'2014-09-06 22:20:13',	'2014-09-06 22:20:13'),
(66,	'Spectre',	2,	2,	0,	0,	0,	0,	0,	0,	0,	0,	0,	0,	'',	'2014-09-06 22:20:20',	'2014-09-06 22:20:20'),
(67,	'Puck',	1,	3,	0,	0,	0,	0,	0,	0,	0,	0,	0,	0,	'',	'2014-09-06 22:20:21',	'2014-09-06 22:20:21'),
(68,	'Meepo',	2,	2,	0,	0,	0,	0,	0,	0,	0,	0,	0,	0,	'',	'2014-09-06 22:20:31',	'2014-09-06 22:20:31'),
(69,	'Storm Spirit',	1,	3,	0,	0,	0,	0,	0,	0,	0,	0,	0,	0,	'',	'2014-09-06 22:20:31',	'2014-09-06 22:20:31'),
(70,	'Windrunner',	1,	3,	0,	0,	0,	0,	0,	0,	0,	0,	0,	0,	'',	'2014-09-06 22:20:41',	'2014-09-06 22:20:41'),
(71,	'Nyx Assassin',	2,	2,	0,	0,	0,	0,	0,	0,	0,	0,	0,	0,	'',	'2014-09-06 22:20:45',	'2014-09-06 22:20:45'),
(72,	'Zeus',	1,	3,	0,	0,	0,	0,	0,	0,	0,	0,	0,	0,	'',	'2014-09-06 22:20:48',	'2014-09-06 22:20:48'),
(73,	'Slark',	2,	2,	0,	0,	0,	0,	0,	0,	0,	0,	0,	0,	'',	'2014-09-06 22:20:55',	'2014-09-06 22:20:55'),
(74,	'Lina',	1,	3,	0,	0,	0,	0,	0,	0,	0,	0,	0,	0,	'',	'2014-09-06 22:20:55',	'2014-09-06 22:20:55'),
(75,	'Shadow Shaman',	1,	3,	0,	0,	0,	0,	0,	0,	0,	0,	0,	0,	'',	'2014-09-06 22:21:05',	'2014-09-06 22:21:05'),
(76,	'Medusa',	2,	2,	0,	0,	0,	0,	0,	0,	0,	0,	0,	0,	'',	'2014-09-06 22:21:05',	'2014-09-06 22:21:05'),
(77,	'Tinker',	1,	3,	0,	0,	0,	0,	0,	0,	0,	0,	0,	0,	'',	'2014-09-06 22:21:13',	'2014-09-06 22:21:13'),
(78,	'Terrorblade',	2,	2,	0,	0,	0,	0,	0,	0,	0,	0,	0,	0,	'',	'2014-09-06 22:21:16',	'2014-09-06 22:21:16'),
(79,	'Bane',	2,	3,	0,	0,	0,	0,	0,	0,	0,	0,	0,	0,	'',	'2014-09-06 22:21:26',	'2014-09-06 22:21:26'),
(80,	'Nature\'s Prophet',	1,	3,	0,	0,	0,	0,	0,	0,	0,	0,	0,	0,	'',	'2014-09-06 22:21:27',	'2014-09-06 22:21:27'),
(81,	'Enchantress',	1,	3,	0,	0,	0,	0,	0,	0,	0,	0,	0,	0,	'',	'2014-09-06 22:21:36',	'2014-09-06 22:21:36'),
(82,	'Lich',	2,	3,	0,	0,	0,	0,	0,	0,	0,	0,	0,	0,	'',	'2014-09-06 22:21:36',	'2014-09-06 22:21:36'),
(83,	'Jakiro',	1,	3,	0,	0,	0,	0,	0,	0,	0,	0,	0,	0,	'',	'2014-09-06 22:21:43',	'2014-09-06 22:21:43'),
(84,	'Lion',	2,	3,	0,	0,	0,	0,	0,	0,	0,	0,	0,	0,	'',	'2014-09-06 22:21:46',	'2014-09-06 22:21:46'),
(85,	'Chen',	1,	3,	0,	0,	0,	0,	0,	0,	0,	0,	0,	0,	'',	'2014-09-06 22:21:51',	'2014-09-06 22:21:51'),
(86,	'Witch Doctor',	2,	3,	0,	0,	0,	0,	0,	0,	0,	0,	0,	0,	'',	'2014-09-06 22:21:58',	'2014-09-06 22:21:58'),
(87,	'Silencer',	1,	3,	0,	0,	0,	0,	0,	0,	0,	0,	0,	0,	'',	'2014-09-06 22:21:59',	'2014-09-06 22:21:59'),
(88,	'Enigma',	2,	3,	0,	0,	0,	0,	0,	0,	0,	0,	0,	0,	'',	'2014-09-06 22:22:08',	'2014-09-06 22:22:08'),
(89,	'Ogre Magi',	1,	3,	0,	0,	0,	0,	0,	0,	0,	0,	0,	0,	'',	'2014-09-06 22:22:13',	'2014-09-06 22:22:13'),
(90,	'Necrolyte',	2,	3,	0,	0,	0,	0,	0,	0,	0,	0,	0,	0,	'',	'2014-09-06 22:22:17',	'2014-09-06 22:22:17'),
(91,	'Rubick',	1,	3,	0,	0,	0,	0,	0,	0,	0,	0,	0,	0,	'',	'2014-09-06 22:22:20',	'2014-09-06 22:23:11'),
(92,	'Warlock',	2,	3,	0,	0,	0,	0,	0,	0,	0,	0,	0,	0,	'',	'2014-09-06 22:22:26',	'2014-09-06 22:22:26'),
(93,	'Disruptor',	1,	3,	0,	0,	0,	0,	0,	0,	0,	0,	0,	0,	'',	'2014-09-06 22:22:30',	'2014-09-06 22:22:30'),
(94,	'Queen of Pain',	2,	3,	0,	0,	0,	0,	0,	0,	0,	0,	0,	0,	'',	'2014-09-06 22:22:36',	'2014-09-06 22:22:36'),
(95,	'Keeper of the Light',	1,	3,	0,	0,	0,	0,	0,	0,	0,	0,	0,	0,	'',	'2014-09-06 22:22:44',	'2014-09-06 22:22:44'),
(96,	'Death Prophet',	2,	3,	0,	0,	0,	0,	0,	0,	0,	0,	0,	0,	'',	'2014-09-06 22:22:48',	'2014-09-06 22:22:48'),
(97,	'Skywrath Mage',	1,	3,	0,	0,	0,	0,	0,	0,	0,	0,	0,	0,	'',	'2014-09-06 22:22:59',	'2014-09-06 22:22:59'),
(103,	'Ancient Apparition',	2,	3,	0,	0,	0,	0,	0,	0,	0,	0,	0,	0,	'',	'2014-09-06 22:24:02',	'2014-09-06 22:24:02'),
(104,	'Invoker',	2,	3,	0,	0,	0,	0,	0,	0,	0,	0,	0,	0,	'',	'2014-09-06 22:24:10',	'2014-09-06 22:24:10'),
(105,	'Outworld Devourer',	2,	3,	0,	0,	0,	0,	0,	0,	0,	0,	0,	0,	'',	'2014-09-06 22:24:26',	'2014-09-06 22:24:26'),
(106,	'Shadow Demon',	2,	3,	0,	0,	0,	0,	0,	0,	0,	0,	0,	0,	'',	'2014-09-06 22:24:39',	'2014-09-06 22:24:39'),
(107,	'Shadow Demon',	2,	3,	0,	0,	0,	0,	0,	0,	0,	0,	0,	0,	'',	'2014-09-06 22:24:40',	'2014-09-06 22:24:40'),
(108,	'Visage',	2,	3,	0,	0,	0,	0,	0,	0,	0,	0,	0,	0,	'',	'2014-09-06 22:24:48',	'2014-09-06 22:24:48');

DROP TABLE IF EXISTS `heroes_heros`;
CREATE TABLE `heroes_heros` (
  `id` int(11) NOT NULL AUTO_INCREMENT,
  `hero_id` int(11) NOT NULL,
  `counter_id` int(11) NOT NULL,
  `created` datetime DEFAULT NULL,
  `modified` datetime DEFAULT NULL,
  PRIMARY KEY (`id`)
) ENGINE=InnoDB DEFAULT CHARSET=utf8;


DROP TABLE IF EXISTS `heroes_users`;
CREATE TABLE `heroes_users` (
  `id` int(11) NOT NULL AUTO_INCREMENT,
  `user_id` int(11) NOT NULL,
  `hero_id` int(11) NOT NULL,
  `experience` int(11) DEFAULT NULL,
  `created` datetime DEFAULT NULL,
  `modified` datetime DEFAULT NULL,
  PRIMARY KEY (`id`)
) ENGINE=InnoDB DEFAULT CHARSET=utf8;


DROP TABLE IF EXISTS `roles`;
CREATE TABLE `roles` (
  `id` int(11) NOT NULL,
  `name` varchar(45) DEFAULT NULL,
  `created` datetime DEFAULT NULL,
  `modified` datetime DEFAULT NULL,
  PRIMARY KEY (`id`)
) ENGINE=InnoDB DEFAULT CHARSET=utf8;

INSERT INTO `roles` (`id`, `name`, `created`, `modified`) VALUES
(1,	'Pusher',	'2014-09-06 20:54:41',	'2014-09-06 20:54:41'),
(2,	'Disabler',	'2014-09-06 21:04:59',	'2014-09-06 21:04:59'),
(3,	'Initiator',	'2014-09-06 22:08:41',	'2014-09-06 22:08:41'),
(4,	'Durable',	'2014-09-06 22:08:54',	'2014-09-06 22:08:54'),
(5,	'Jungler',	'2014-09-06 22:09:02',	'2014-09-06 22:09:02'),
(6,	'Pusher',	'2014-09-06 22:09:08',	'2014-09-06 22:09:08'),
(7,	'Nuker',	'2014-09-06 22:09:14',	'2014-09-06 22:09:14'),
(8,	'Lane Support',	'2014-09-06 22:09:25',	'2014-09-06 22:09:25'),
(9,	'Escape',	'2014-09-06 22:09:32',	'2014-09-06 22:09:32'),
(10,	'Carry',	'2014-09-06 22:09:40',	'2014-09-06 22:09:40'),
(11,	'Support',	'2014-09-06 22:09:45',	'2014-09-06 22:09:45');

DROP TABLE IF EXISTS `roles_heros`;
CREATE TABLE `roles_heros` (
  `id` int(11) NOT NULL AUTO_INCREMENT,
  `role_id` int(11) NOT NULL,
  `hero_id` int(11) NOT NULL,
  `level` int(11) NOT NULL,
  `created` datetime NOT NULL,
  `modified` datetime NOT NULL,
  PRIMARY KEY (`id`)
) ENGINE=InnoDB DEFAULT CHARSET=utf8;

INSERT INTO `roles_heros` (`id`, `role_id`, `hero_id`, `level`, `created`, `modified`) VALUES
(1,	3,	1,	10,	'2014-09-06 23:17:27',	'2014-09-06 23:17:27'),
(2,	2,	1,	10,	'2014-09-06 23:17:39',	'2014-09-06 23:17:39'),
(3,	4,	1,	1,	'2014-09-06 23:17:52',	'2014-09-06 23:17:52'),
(4,	7,	1,	10,	'2014-09-06 23:18:14',	'2014-09-06 23:18:14'),
(5,	8,	1,	1,	'2014-09-06 23:18:29',	'2014-09-06 23:18:29'),
(6,	11,	1,	5,	'2014-09-06 23:18:36',	'2014-09-06 23:18:36'),
(7,	3,	2,	10,	'2014-09-06 23:21:44',	'2014-09-06 23:21:44'),
(8,	2,	2,	6,	'2014-09-06 23:21:53',	'2014-09-07 13:27:18'),
(9,	1,	1,	0,	'2014-09-06 23:22:09',	'2014-09-06 23:22:09'),
(10,	5,	1,	0,	'2014-09-06 23:22:16',	'2014-09-06 23:22:16'),
(15,	6,	2,	1,	'2014-09-06 23:23:39',	'2014-09-06 23:23:39'),
(16,	7,	2,	1,	'2014-09-06 23:23:48',	'2014-09-06 23:23:48'),
(17,	8,	2,	1,	'2014-09-06 23:23:59',	'2014-09-06 23:23:59'),
(18,	9,	2,	0,	'2014-09-06 23:24:11',	'2014-09-06 23:24:11'),
(19,	10,	2,	0,	'2014-09-06 23:24:16',	'2014-09-06 23:24:16'),
(20,	11,	2,	0,	'2014-09-06 23:24:23',	'2014-09-06 23:24:23'),
(21,	1,	3,	1,	'2014-09-06 23:24:34',	'2014-09-06 23:24:34'),
(22,	2,	3,	5,	'2014-09-06 23:24:56',	'2014-09-06 23:24:56'),
(23,	3,	3,	1,	'2014-09-06 23:25:05',	'2014-09-06 23:25:05'),
(24,	4,	3,	1,	'2014-09-06 23:25:16',	'2014-09-06 23:25:16'),
(25,	5,	3,	0,	'2014-09-06 23:25:59',	'2014-09-06 23:25:59'),
(26,	6,	3,	5,	'2014-09-06 23:26:23',	'2014-09-06 23:26:23'),
(27,	7,	3,	1,	'2014-09-06 23:26:57',	'2014-09-06 23:26:57'),
(28,	8,	3,	0,	'2014-09-06 23:27:08',	'2014-09-06 23:27:08'),
(29,	9,	3,	1,	'2014-09-06 23:27:15',	'2014-09-06 23:27:15'),
(30,	10,	3,	10,	'2014-09-06 23:27:23',	'2014-09-06 23:27:23'),
(31,	11,	3,	1,	'2014-09-06 23:27:30',	'2014-09-06 23:27:30'),
(32,	3,	4,	5,	'2014-09-06 23:28:01',	'2014-09-06 23:28:01'),
(33,	2,	4,	5,	'2014-09-06 23:28:11',	'2014-09-06 23:28:11'),
(34,	4,	4,	5,	'2014-09-06 23:28:18',	'2014-09-06 23:28:18'),
(35,	5,	4,	0,	'2014-09-06 23:28:28',	'2014-09-06 23:28:28'),
(36,	6,	4,	1,	'2014-09-06 23:28:38',	'2014-09-06 23:28:38'),
(37,	7,	4,	10,	'2014-09-06 23:28:51',	'2014-09-06 23:28:51'),
(38,	8,	4,	0,	'2014-09-06 23:29:05',	'2014-09-06 23:29:05'),
(39,	9,	4,	0,	'2014-09-06 23:29:11',	'2014-09-06 23:29:11'),
(40,	10,	4,	5,	'2014-09-06 23:29:28',	'2014-09-06 23:29:28'),
(41,	11,	4,	0,	'2014-09-06 23:29:37',	'2014-09-06 23:29:37'),
(42,	3,	5,	1,	'2014-09-06 23:29:48',	'2014-09-06 23:29:48'),
(43,	2,	5,	5,	'2014-09-06 23:30:01',	'2014-09-06 23:30:01'),
(44,	4,	5,	10,	'2014-09-06 23:31:04',	'2014-09-06 23:31:04'),
(45,	5,	5,	1,	'2014-09-06 23:31:15',	'2014-09-06 23:31:15'),
(46,	1,	5,	0,	'2014-09-06 23:31:46',	'2014-09-06 23:31:46'),
(47,	7,	5,	5,	'2014-09-06 23:31:58',	'2014-09-06 23:31:58'),
(48,	8,	5,	0,	'2014-09-06 23:32:07',	'2014-09-06 23:32:07'),
(49,	9,	5,	0,	'2014-09-06 23:32:13',	'2014-09-06 23:32:13'),
(50,	10,	5,	0,	'2014-09-06 23:32:21',	'2014-09-06 23:32:21'),
(51,	11,	5,	0,	'2014-09-06 23:32:29',	'2014-09-06 23:32:29'),
(52,	3,	6,	1,	'2014-09-06 23:33:41',	'2014-09-06 23:33:41'),
(53,	2,	6,	5,	'2014-09-06 23:33:53',	'2014-09-06 23:33:53'),
(54,	4,	6,	5,	'2014-09-06 23:34:01',	'2014-09-06 23:34:01'),
(55,	5,	6,	1,	'2014-09-06 23:34:11',	'2014-09-06 23:34:11'),
(56,	6,	6,	5,	'2014-09-06 23:34:23',	'2014-09-06 23:34:23'),
(65,	5,	7,	1,	'2014-09-07 08:11:03',	'2014-09-07 08:11:03'),
(66,	6,	7,	5,	'2014-09-07 08:11:21',	'2014-09-07 08:11:21'),
(67,	7,	7,	1,	'2014-09-07 08:12:31',	'2014-09-07 08:12:31'),
(68,	8,	7,	1,	'2014-09-07 08:12:48',	'2014-09-07 08:12:48'),
(69,	9,	7,	0,	'2014-09-07 08:12:57',	'2014-09-07 08:12:57'),
(70,	10,	7,	1,	'2014-09-07 08:13:04',	'2014-09-07 08:13:04'),
(71,	11,	7,	5,	'2014-09-07 08:13:14',	'2014-09-07 08:13:14'),
(72,	3,	8,	0,	'2014-09-07 08:13:36',	'2014-09-07 08:13:36'),
(73,	2,	8,	5,	'2014-09-07 08:13:52',	'2014-09-07 08:13:52'),
(74,	4,	8,	10,	'2014-09-07 08:14:05',	'2014-09-07 08:14:05'),
(75,	5,	8,	0,	'2014-09-07 08:14:19',	'2014-09-07 08:14:19'),
(76,	1,	8,	5,	'2014-09-07 08:14:42',	'2014-09-07 08:14:42'),
(77,	7,	8,	1,	'2014-09-07 08:14:54',	'2014-09-07 08:14:54'),
(78,	8,	8,	0,	'2014-09-07 08:15:02',	'2014-09-07 08:15:02'),
(79,	9,	8,	0,	'2014-09-07 08:15:10',	'2014-09-07 08:15:10'),
(80,	10,	8,	10,	'2014-09-07 08:15:23',	'2014-09-07 08:15:23'),
(81,	11,	8,	0,	'2014-09-07 08:15:29',	'2014-09-07 08:15:29'),
(82,	3,	9,	10,	'2014-09-07 08:16:03',	'2014-09-07 08:16:03'),
(83,	2,	9,	5,	'2014-09-07 08:16:12',	'2014-09-07 08:16:12'),
(84,	4,	9,	5,	'2014-09-07 08:16:19',	'2014-09-07 08:16:19'),
(85,	5,	9,	0,	'2014-09-07 08:16:28',	'2014-09-07 08:16:28'),
(86,	6,	9,	1,	'2014-09-07 08:16:39',	'2014-09-07 08:16:39'),
(87,	7,	9,	1,	'2014-09-07 08:16:44',	'2014-09-07 08:16:44'),
(88,	8,	9,	1,	'2014-09-07 08:16:50',	'2014-09-07 08:16:50'),
(89,	9,	9,	1,	'2014-09-07 08:16:57',	'2014-09-07 08:16:57'),
(90,	10,	9,	0,	'2014-09-07 08:17:07',	'2014-09-07 08:17:07'),
(91,	11,	9,	1,	'2014-09-07 08:17:15',	'2014-09-07 08:17:15'),
(92,	3,	10,	0,	'2014-09-07 08:17:28',	'2014-09-07 08:17:28'),
(93,	2,	10,	0,	'2014-09-07 08:17:38',	'2014-09-07 08:17:38'),
(94,	4,	10,	5,	'2014-09-07 08:17:48',	'2014-09-07 08:17:48'),
(95,	5,	10,	0,	'2014-09-07 08:17:57',	'2014-09-07 08:17:57'),
(96,	6,	10,	0,	'2014-09-07 08:18:07',	'2014-09-07 08:18:07'),
(97,	7,	10,	1,	'2014-09-07 08:18:13',	'2014-09-07 08:18:13'),
(98,	8,	10,	10,	'2014-09-07 08:18:23',	'2014-09-07 08:18:23'),
(99,	9,	10,	0,	'2014-09-07 08:18:30',	'2014-09-07 08:18:30'),
(100,	10,	10,	0,	'2014-09-07 08:18:37',	'2014-09-07 08:18:37'),
(101,	11,	10,	10,	'2014-09-07 08:18:43',	'2014-09-07 08:18:53'),
(102,	3,	11,	1,	'2014-09-07 08:19:04',	'2014-09-07 08:19:04'),
(103,	2,	11,	0,	'2014-09-07 08:19:12',	'2014-09-07 08:19:12'),
(104,	4,	11,	10,	'2014-09-07 08:19:12',	'2014-09-07 08:19:32'),
(105,	5,	11,	1,	'2014-09-07 08:19:46',	'2014-09-07 08:19:46'),
(106,	6,	11,	0,	'2014-09-07 08:19:55',	'2014-09-07 08:19:55'),
(107,	7,	11,	1,	'2014-09-07 08:20:06',	'2014-09-07 08:20:06'),
(108,	8,	11,	0,	'2014-09-07 08:20:18',	'2014-09-07 08:20:18'),
(109,	8,	11,	0,	'2014-09-07 08:20:32',	'2014-09-07 08:20:32'),
(110,	9,	11,	0,	'2014-09-07 08:20:40',	'2014-09-07 08:20:40'),
(111,	10,	11,	5,	'2014-09-07 08:20:49',	'2014-09-07 08:20:49'),
(112,	11,	11,	1,	'2014-09-07 08:20:56',	'2014-09-07 08:20:56'),
(113,	3,	12,	1,	'2014-09-07 08:21:18',	'2014-09-07 08:21:18'),
(114,	2,	12,	1,	'2014-09-07 08:21:25',	'2014-09-07 08:21:25'),
(115,	4,	12,	10,	'2014-09-07 08:21:35',	'2014-09-07 08:21:35'),
(116,	5,	12,	0,	'2014-09-07 08:21:46',	'2014-09-07 08:21:46'),
(117,	6,	12,	0,	'2014-09-07 08:22:02',	'2014-09-07 08:22:02'),
(118,	7,	12,	1,	'2014-09-07 08:22:17',	'2014-09-07 08:22:17'),
(119,	8,	12,	0,	'2014-09-07 08:22:46',	'2014-09-07 08:22:46'),
(120,	9,	12,	0,	'2014-09-07 08:22:53',	'2014-09-07 08:22:53'),
(121,	10,	12,	10,	'2014-09-07 08:23:01',	'2014-09-07 08:23:01'),
(122,	11,	12,	1,	'2014-09-07 08:23:08',	'2014-09-07 08:23:08'),
(123,	3,	13,	5,	'2014-09-07 08:23:17',	'2014-09-07 08:23:17'),
(124,	2,	13,	5,	'2014-09-07 08:23:26',	'2014-09-07 08:23:26'),
(125,	4,	13,	10,	'2014-09-07 08:23:35',	'2014-09-07 08:23:35'),
(126,	5,	13,	0,	'2014-09-07 08:23:55',	'2014-09-07 08:23:55'),
(127,	6,	13,	0,	'2014-09-07 08:24:08',	'2014-09-07 08:24:08'),
(128,	7,	13,	1,	'2014-09-07 08:24:23',	'2014-09-07 08:24:23'),
(129,	8,	13,	0,	'2014-09-07 08:24:33',	'2014-09-07 08:24:33'),
(130,	9,	13,	1,	'2014-09-07 08:25:14',	'2014-09-07 08:25:14'),
(131,	10,	13,	1,	'2014-09-07 08:25:22',	'2014-09-07 08:25:22'),
(132,	11,	13,	0,	'2014-09-07 08:25:34',	'2014-09-07 08:25:34'),
(133,	3,	14,	5,	'2014-09-07 08:25:54',	'2014-09-07 08:25:54'),
(134,	2,	14,	5,	'2014-09-07 08:26:12',	'2014-09-07 08:26:12'),
(135,	4,	14,	5,	'2014-09-07 08:26:21',	'2014-09-07 08:26:21'),
(136,	5,	14,	0,	'2014-09-07 08:26:39',	'2014-09-07 08:26:39'),
(137,	6,	14,	0,	'2014-09-07 08:26:45',	'2014-09-07 08:26:45'),
(138,	7,	14,	0,	'2014-09-07 08:26:51',	'2014-09-07 08:26:51'),
(139,	8,	14,	5,	'2014-09-07 08:27:00',	'2014-09-07 08:27:00'),
(140,	9,	14,	1,	'2014-09-07 08:27:08',	'2014-09-07 08:27:08'),
(141,	10,	14,	0,	'2014-09-07 08:27:16',	'2014-09-07 08:27:16'),
(142,	11,	14,	10,	'2014-09-07 08:27:22',	'2014-09-07 08:27:22'),
(143,	3,	15,	10,	'2014-09-07 08:27:50',	'2014-09-07 08:27:50'),
(144,	2,	15,	1,	'2014-09-07 08:28:06',	'2014-09-07 08:28:06'),
(145,	4,	15,	0,	'2014-09-07 08:28:20',	'2014-09-07 08:28:20'),
(146,	5,	15,	0,	'2014-09-07 08:28:30',	'2014-09-07 08:28:30'),
(147,	5,	15,	0,	'2014-09-07 08:28:48',	'2014-09-07 08:28:48'),
(148,	6,	15,	5,	'2014-09-07 08:28:57',	'2014-09-07 08:28:57'),
(149,	7,	15,	5,	'2014-09-07 08:29:09',	'2014-09-07 08:29:09'),
(150,	8,	15,	5,	'2014-09-07 08:29:16',	'2014-09-07 08:29:16'),
(151,	9,	15,	5,	'2014-09-07 08:29:23',	'2014-09-07 08:29:23'),
(152,	10,	15,	0,	'2014-09-07 08:29:29',	'2014-09-07 08:29:29'),
(153,	11,	15,	5,	'2014-09-07 08:29:41',	'2014-09-07 08:29:41'),
(154,	3,	16,	1,	'2014-09-07 08:29:58',	'2014-09-07 08:29:58'),
(155,	2,	16,	1,	'2014-09-07 08:30:04',	'2014-09-07 08:30:04'),
(156,	4,	16,	5,	'2014-09-07 08:30:16',	'2014-09-07 08:30:16'),
(157,	5,	16,	0,	'2014-09-07 08:30:30',	'2014-09-07 08:30:30'),
(158,	6,	16,	0,	'2014-09-07 08:30:38',	'2014-09-07 08:30:38'),
(159,	7,	16,	0,	'2014-09-07 08:30:45',	'2014-09-07 08:30:45'),
(160,	8,	16,	1,	'2014-09-07 08:30:55',	'2014-09-07 08:30:55'),
(161,	9,	16,	1,	'2014-09-07 08:31:04',	'2014-09-07 08:31:04'),
(162,	10,	16,	5,	'2014-09-07 08:31:10',	'2014-09-07 08:31:10'),
(163,	11,	16,	0,	'2014-09-07 08:31:18',	'2014-09-07 08:31:18'),
(164,	3,	17,	5,	'2014-09-07 08:31:49',	'2014-09-07 08:31:49'),
(165,	2,	17,	1,	'2014-09-07 08:32:00',	'2014-09-07 08:32:00'),
(166,	4,	17,	0,	'2014-09-07 08:32:07',	'2014-09-07 08:32:07'),
(167,	5,	17,	0,	'2014-09-07 08:32:23',	'2014-09-07 08:32:23'),
(168,	1,	17,	0,	'2014-09-07 08:32:47',	'2014-09-07 08:32:47'),
(169,	7,	17,	1,	'2014-09-07 08:33:58',	'2014-09-07 08:33:58'),
(170,	8,	17,	10,	'2014-09-07 08:34:20',	'2014-09-07 08:34:20'),
(171,	9,	17,	5,	'2014-09-07 08:34:28',	'2014-09-07 08:34:28'),
(172,	10,	17,	0,	'2014-09-07 08:34:39',	'2014-09-07 08:34:39'),
(173,	11,	17,	10,	'2014-09-07 08:34:45',	'2014-09-07 08:34:45'),
(174,	3,	18,	10,	'2014-09-07 08:35:24',	'2014-09-07 08:35:24'),
(175,	2,	18,	5,	'2014-09-07 08:35:34',	'2014-09-07 08:35:34'),
(176,	4,	18,	5,	'2014-09-07 08:35:43',	'2014-09-07 08:35:43'),
(177,	5,	18,	0,	'2014-09-07 08:35:53',	'2014-09-07 08:35:53'),
(178,	6,	18,	0,	'2014-09-07 08:36:00',	'2014-09-07 08:36:00'),
(205,	2,	21,	0,	'2014-09-07 08:40:25',	'2014-09-07 08:40:25'),
(206,	4,	21,	10,	'2014-09-07 08:40:32',	'2014-09-07 08:40:32'),
(207,	5,	21,	0,	'2014-09-07 08:40:40',	'2014-09-07 08:40:40'),
(208,	1,	21,	1,	'2014-09-07 08:40:46',	'2014-09-07 08:40:46'),
(209,	7,	21,	10,	'2014-09-07 08:40:55',	'2014-09-07 08:40:55'),
(210,	8,	21,	0,	'2014-09-07 08:41:07',	'2014-09-07 08:41:07'),
(211,	9,	21,	10,	'2014-09-07 08:41:21',	'2014-09-07 08:41:21'),
(212,	10,	21,	1,	'2014-09-07 08:41:38',	'2014-09-07 08:41:38'),
(213,	11,	21,	0,	'2014-09-07 08:41:44',	'2014-09-07 08:41:44'),
(214,	3,	22,	1,	'2014-09-07 08:42:03',	'2014-09-07 08:42:03'),
(215,	2,	22,	1,	'2014-09-07 08:42:11',	'2014-09-07 08:42:11'),
(216,	4,	22,	10,	'2014-09-07 08:42:20',	'2014-09-07 08:42:20'),
(217,	5,	22,	1,	'2014-09-07 08:42:33',	'2014-09-07 08:42:33'),
(218,	6,	22,	0,	'2014-09-07 08:42:50',	'2014-09-07 08:42:50'),
(219,	7,	22,	0,	'2014-09-07 08:42:55',	'2014-09-07 08:42:55'),
(220,	8,	22,	0,	'2014-09-07 08:43:02',	'2014-09-07 08:43:02'),
(221,	9,	22,	1,	'2014-09-07 08:43:22',	'2014-09-07 08:43:22'),
(222,	10,	22,	10,	'2014-09-07 08:43:31',	'2014-09-07 08:43:31'),
(223,	11,	22,	0,	'2014-09-07 08:43:38',	'2014-09-07 08:43:38'),
(224,	3,	23,	1,	'2014-09-07 08:44:27',	'2014-09-07 08:44:27'),
(225,	2,	23,	0,	'2014-09-07 08:44:42',	'2014-09-07 08:44:42'),
(226,	4,	23,	10,	'2014-09-07 08:46:48',	'2014-09-07 08:46:48'),
(227,	5,	23,	0,	'2014-09-07 08:47:03',	'2014-09-07 08:47:03'),
(228,	1,	23,	1,	'2014-09-07 08:47:12',	'2014-09-07 08:47:12'),
(229,	7,	23,	0,	'2014-09-07 08:47:20',	'2014-09-07 08:47:20'),
(230,	8,	23,	0,	'2014-09-07 08:47:33',	'2014-09-07 08:47:33'),
(231,	9,	23,	1,	'2014-09-07 08:47:43',	'2014-09-07 08:47:43'),
(232,	10,	23,	5,	'2014-09-07 08:47:51',	'2014-09-07 08:47:51'),
(233,	11,	23,	1,	'2014-09-07 08:47:59',	'2014-09-07 08:47:59'),
(234,	3,	24,	5,	'2014-09-07 08:48:07',	'2014-09-07 08:48:07'),
(235,	2,	23,	1,	'2014-09-07 08:48:16',	'2014-09-07 08:48:16'),
(236,	4,	24,	1,	'2014-09-07 08:48:22',	'2014-09-07 08:48:22'),
(237,	5,	24,	0,	'2014-09-07 08:48:35',	'2014-09-07 08:48:35'),
(238,	1,	24,	0,	'2014-09-07 08:48:43',	'2014-09-07 08:48:43'),
(239,	7,	24,	5,	'2014-09-07 08:48:51',	'2014-09-07 08:48:51'),
(240,	8,	24,	0,	'2014-09-07 08:49:00',	'2014-09-07 08:49:00'),
(241,	9,	24,	0,	'2014-09-07 08:49:11',	'2014-09-07 08:49:11'),
(242,	10,	24,	1,	'2014-09-07 08:49:19',	'2014-09-07 08:49:19'),
(243,	11,	24,	0,	'2014-09-07 08:49:27',	'2014-09-07 08:49:27'),
(244,	3,	25,	10,	'2014-09-07 08:50:41',	'2014-09-07 08:50:41'),
(245,	2,	25,	5,	'2014-09-07 08:51:01',	'2014-09-07 08:51:01'),
(246,	4,	25,	5,	'2014-09-07 08:51:09',	'2014-09-07 08:51:09'),
(247,	5,	25,	0,	'2014-09-07 08:51:17',	'2014-09-07 08:51:17'),
(248,	1,	25,	0,	'2014-09-07 08:51:26',	'2014-09-07 08:51:26'),
(249,	7,	25,	1,	'2014-09-07 08:51:37',	'2014-09-07 08:51:37'),
(250,	8,	25,	0,	'2014-09-07 08:51:55',	'2014-09-07 08:51:55'),
(251,	9,	25,	0,	'2014-09-07 08:52:04',	'2014-09-07 08:52:04'),
(252,	10,	25,	1,	'2014-09-07 08:52:16',	'2014-09-07 08:52:16'),
(253,	11,	25,	5,	'2014-09-07 08:52:25',	'2014-09-07 08:52:25'),
(254,	3,	26,	5,	'2014-09-07 08:52:49',	'2014-09-07 08:52:49'),
(255,	2,	26,	1,	'2014-09-07 08:53:01',	'2014-09-07 08:53:01'),
(256,	4,	26,	5,	'2014-09-07 08:53:13',	'2014-09-07 08:53:13'),
(257,	5,	26,	0,	'2014-09-07 08:53:26',	'2014-09-07 08:53:26'),
(258,	1,	26,	1,	'2014-09-07 08:53:36',	'2014-09-07 08:53:36'),
(259,	7,	26,	1,	'2014-09-07 08:53:48',	'2014-09-07 08:53:48'),
(260,	8,	26,	0,	'2014-09-07 08:54:16',	'2014-09-07 08:54:16'),
(261,	9,	26,	1,	'2014-09-07 08:54:25',	'2014-09-07 08:54:25'),
(262,	10,	26,	1,	'2014-09-07 08:54:33',	'2014-09-07 08:54:33'),
(263,	11,	26,	0,	'2014-09-07 08:54:39',	'2014-09-07 08:54:39'),
(264,	3,	27,	10,	'2014-09-07 08:54:52',	'2014-09-07 08:54:52'),
(265,	2,	27,	1,	'2014-09-07 08:55:13',	'2014-09-07 08:55:13'),
(266,	4,	27,	5,	'2014-09-07 08:55:26',	'2014-09-07 08:55:26'),
(267,	5,	27,	10,	'2014-09-07 08:55:44',	'2014-09-07 08:55:44'),
(268,	1,	27,	0,	'2014-09-07 08:55:52',	'2014-09-07 08:55:52'),
(269,	7,	27,	1,	'2014-09-07 08:55:59',	'2014-09-07 08:55:59'),
(270,	8,	27,	0,	'2014-09-07 08:56:19',	'2014-09-07 08:56:19'),
(271,	9,	27,	1,	'2014-09-07 08:56:28',	'2014-09-07 08:56:28'),
(272,	10,	27,	5,	'2014-09-07 08:56:37',	'2014-09-07 08:56:37'),
(273,	11,	27,	1,	'2014-09-07 08:56:52',	'2014-09-07 08:56:52'),
(274,	3,	28,	0,	'2014-09-07 08:57:05',	'2014-09-07 08:57:05'),
(275,	2,	28,	5,	'2014-09-07 08:57:15',	'2014-09-07 08:57:15'),
(276,	4,	28,	5,	'2014-09-07 08:57:32',	'2014-09-07 08:57:32'),
(277,	5,	28,	5,	'2014-09-07 08:57:41',	'2014-09-07 08:57:41'),
(278,	6,	28,	1,	'2014-09-07 08:57:56',	'2014-09-07 08:57:56'),
(279,	7,	28,	5,	'2014-09-07 08:58:04',	'2014-09-07 08:58:04'),
(280,	8,	28,	0,	'2014-09-07 08:58:12',	'2014-09-07 08:58:12'),
(281,	9,	28,	1,	'2014-09-07 08:58:20',	'2014-09-07 08:58:20'),
(282,	10,	28,	5,	'2014-09-07 08:58:26',	'2014-09-07 08:58:26'),
(283,	11,	28,	0,	'2014-09-07 08:58:34',	'2014-09-07 08:58:34'),
(284,	3,	29,	5,	'2014-09-07 08:58:46',	'2014-09-07 08:58:46'),
(285,	2,	29,	1,	'2014-09-07 08:58:53',	'2014-09-07 08:58:53'),
(286,	4,	29,	5,	'2014-09-07 08:59:04',	'2014-09-07 08:59:04'),
(287,	5,	29,	0,	'2014-09-07 08:59:14',	'2014-09-07 08:59:14'),
(288,	1,	29,	0,	'2014-09-07 08:59:22',	'2014-09-07 08:59:22'),
(289,	7,	29,	1,	'2014-09-07 08:59:30',	'2014-09-07 08:59:30'),
(290,	8,	29,	1,	'2014-09-07 08:59:40',	'2014-09-07 08:59:40'),
(291,	9,	29,	10,	'2014-09-07 08:59:47',	'2014-09-07 08:59:47'),
(292,	10,	29,	0,	'2014-09-07 08:59:58',	'2014-09-07 08:59:58'),
(293,	11,	29,	5,	'2014-09-07 09:00:06',	'2014-09-07 09:00:06'),
(294,	3,	30,	5,	'2014-09-07 09:01:02',	'2014-09-07 09:01:02'),
(295,	2,	30,	1,	'2014-09-07 09:01:13',	'2014-09-07 09:01:13'),
(296,	4,	30,	5,	'2014-09-07 09:01:23',	'2014-09-07 09:01:23'),
(297,	5,	30,	0,	'2014-09-07 09:01:33',	'2014-09-07 09:01:43'),
(298,	1,	30,	0,	'2014-09-07 09:01:52',	'2014-09-07 09:01:52'),
(299,	7,	30,	1,	'2014-09-07 09:02:05',	'2014-09-07 09:02:05'),
(300,	8,	30,	0,	'2014-09-07 09:02:15',	'2014-09-07 09:02:15'),
(301,	9,	30,	5,	'2014-09-07 09:02:27',	'2014-09-07 09:02:27'),
(302,	10,	30,	1,	'2014-09-07 09:02:35',	'2014-09-07 09:02:35'),
(303,	11,	30,	1,	'2014-09-07 09:02:43',	'2014-09-07 09:02:43'),
(304,	3,	31,	1,	'2014-09-07 09:03:00',	'2014-09-07 09:03:00'),
(305,	2,	31,	1,	'2014-09-07 09:03:07',	'2014-09-07 09:03:07'),
(306,	4,	31,	5,	'2014-09-07 09:03:21',	'2014-09-07 09:03:21'),
(307,	5,	31,	0,	'2014-09-07 09:03:30',	'2014-09-07 09:03:30'),
(308,	1,	31,	0,	'2014-09-07 09:03:42',	'2014-09-07 09:03:42'),
(309,	7,	31,	5,	'2014-09-07 09:04:03',	'2014-09-07 09:04:03'),
(310,	8,	31,	5,	'2014-09-07 09:04:12',	'2014-09-07 09:04:12'),
(311,	9,	31,	10,	'2014-09-07 09:04:21',	'2014-09-07 09:04:21'),
(312,	10,	31,	0,	'2014-09-07 09:04:31',	'2014-09-07 09:04:31'),
(313,	11,	31,	5,	'2014-09-07 09:04:39',	'2014-09-07 09:04:39'),
(314,	3,	32,	0,	'2014-09-07 09:05:00',	'2014-09-07 09:05:00'),
(315,	2,	32,	0,	'2014-09-07 09:05:14',	'2014-09-07 09:05:14'),
(316,	4,	32,	5,	'2014-09-07 09:05:27',	'2014-09-07 09:05:27'),
(317,	5,	32,	5,	'2014-09-07 09:05:39',	'2014-09-07 09:05:39'),
(318,	6,	32,	10,	'2014-09-07 09:05:53',	'2014-09-07 09:05:53'),
(319,	7,	32,	0,	'2014-09-07 09:06:08',	'2014-09-07 09:06:08'),
(320,	8,	32,	0,	'2014-09-07 09:06:20',	'2014-09-07 09:06:20'),
(321,	9,	32,	1,	'2014-09-07 09:06:27',	'2014-09-07 09:06:27'),
(322,	10,	32,	5,	'2014-09-07 09:06:36',	'2014-09-07 09:06:36'),
(323,	11,	32,	1,	'2014-09-07 09:06:46',	'2014-09-07 09:06:46'),
(324,	3,	34,	0,	'2014-09-07 09:07:30',	'2014-09-07 09:07:30'),
(325,	2,	34,	5,	'2014-09-07 09:07:38',	'2014-09-07 09:07:38'),
(326,	4,	34,	1,	'2014-09-07 09:07:48',	'2014-09-07 09:07:48'),
(327,	5,	34,	0,	'2014-09-07 09:07:57',	'2014-09-07 09:07:57'),
(328,	1,	34,	1,	'2014-09-07 09:08:54',	'2014-09-07 09:08:54'),
(329,	7,	34,	1,	'2014-09-07 09:09:03',	'2014-09-07 09:09:03'),
(330,	8,	34,	0,	'2014-09-07 09:09:14',	'2014-09-07 09:09:14'),
(331,	9,	34,	0,	'2014-09-07 09:09:21',	'2014-09-07 09:09:21'),
(332,	10,	34,	10,	'2014-09-07 09:09:28',	'2014-09-07 09:09:28'),
(333,	11,	34,	0,	'2014-09-07 09:09:35',	'2014-09-07 09:09:35'),
(334,	3,	36,	5,	'2014-09-07 09:09:55',	'2014-09-07 09:09:55'),
(335,	2,	36,	0,	'2014-09-07 09:10:03',	'2014-09-07 09:10:03'),
(336,	4,	36,	10,	'2014-09-07 09:10:16',	'2014-09-07 09:10:16'),
(337,	5,	36,	0,	'2014-09-07 09:10:27',	'2014-09-07 09:10:27'),
(338,	1,	36,	1,	'2014-09-07 09:10:36',	'2014-09-07 09:10:36'),
(339,	7,	36,	5,	'2014-09-07 09:10:47',	'2014-09-07 09:10:47'),
(340,	8,	36,	10,	'2014-09-07 09:11:12',	'2014-09-07 09:11:12'),
(341,	9,	36,	0,	'2014-09-07 09:11:21',	'2014-09-07 09:11:21'),
(342,	10,	36,	0,	'2014-09-07 09:11:28',	'2014-09-07 09:11:28'),
(343,	11,	36,	1,	'2014-09-07 09:11:38',	'2014-09-07 09:11:38'),
(344,	3,	38,	10,	'2014-09-07 09:11:48',	'2014-09-07 09:11:48'),
(345,	2,	38,	10,	'2014-09-07 09:11:55',	'2014-09-07 09:11:55'),
(346,	4,	38,	1,	'2014-09-07 09:12:02',	'2014-09-07 09:12:02'),
(347,	5,	38,	0,	'2014-09-07 09:12:12',	'2014-09-07 09:12:12'),
(348,	1,	38,	1,	'2014-09-07 09:12:21',	'2014-09-07 09:12:21'),
(349,	7,	38,	1,	'2014-09-07 09:12:28',	'2014-09-07 09:12:28'),
(350,	8,	38,	0,	'2014-09-07 09:12:35',	'2014-09-07 09:12:35'),
(351,	9,	38,	1,	'2014-09-07 09:12:41',	'2014-09-07 09:12:41'),
(352,	10,	38,	1,	'2014-09-07 09:12:47',	'2014-09-07 09:12:47'),
(353,	11,	38,	1,	'2014-09-07 09:12:51',	'2014-09-07 09:12:51'),
(354,	3,	40,	0,	'2014-09-07 09:13:14',	'2014-09-07 09:13:14'),
(355,	2,	40,	0,	'2014-09-07 09:13:22',	'2014-09-07 09:13:22'),
(356,	4,	40,	10,	'2014-09-07 09:13:29',	'2014-09-07 09:13:29'),
(357,	5,	40,	0,	'2014-09-07 09:13:37',	'2014-09-07 09:13:37'),
(358,	1,	40,	1,	'2014-09-07 09:13:52',	'2014-09-07 09:13:52'),
(359,	7,	40,	1,	'2014-09-07 09:13:58',	'2014-09-07 09:13:58'),
(360,	8,	40,	5,	'2014-09-07 09:14:06',	'2014-09-07 09:14:06'),
(361,	9,	40,	1,	'2014-09-07 09:14:13',	'2014-09-07 09:14:13'),
(362,	10,	40,	1,	'2014-09-07 09:14:20',	'2014-09-07 09:14:20'),
(363,	11,	40,	5,	'2014-09-07 09:14:28',	'2014-09-07 09:14:28'),
(364,	3,	33,	0,	'2014-09-08 20:31:21',	'2014-09-08 20:31:21'),
(365,	2,	33,	0,	'2014-09-08 20:31:29',	'2014-09-08 20:32:51'),
(366,	1,	33,	5,	'2014-09-08 20:32:13',	'2014-09-08 20:32:13'),
(367,	4,	33,	1,	'2014-09-08 20:33:43',	'2014-09-08 20:33:43'),
(368,	5,	33,	0,	'2014-09-08 20:34:06',	'2014-09-08 20:34:06'),
(369,	7,	33,	1,	'2014-09-08 20:34:29',	'2014-09-08 20:34:29'),
(370,	8,	33,	0,	'2014-09-08 20:34:48',	'2014-09-08 20:34:48'),
(371,	9,	33,	10,	'2014-09-08 20:34:57',	'2014-09-08 20:34:57'),
(372,	10,	33,	10,	'2014-09-08 20:35:08',	'2014-09-08 20:35:08'),
(373,	11,	33,	0,	'2014-09-08 20:35:17',	'2014-09-08 20:35:17'),
(374,	3,	35,	0,	'2014-09-08 20:36:24',	'2014-09-08 20:36:24'),
(375,	2,	35,	1,	'2014-09-08 20:36:37',	'2014-09-08 20:36:37'),
(376,	1,	35,	5,	'2014-09-08 20:37:50',	'2014-09-08 20:37:50'),
(377,	4,	35,	0,	'2014-09-08 20:37:59',	'2014-09-08 20:37:59'),
(378,	5,	35,	0,	'2014-09-08 20:38:03',	'2014-09-08 20:38:03'),
(379,	7,	35,	0,	'2014-09-08 20:38:10',	'2014-09-08 20:38:10'),
(380,	8,	35,	0,	'2014-09-08 20:38:14',	'2014-09-08 20:38:14'),
(381,	9,	35,	0,	'2014-09-08 20:38:17',	'2014-09-08 20:38:17'),
(382,	10,	35,	10,	'2014-09-08 20:38:22',	'2014-09-08 20:38:22'),
(383,	11,	35,	1,	'2014-09-08 20:38:27',	'2014-09-08 20:38:27'),
(384,	3,	37,	1,	'2014-09-08 20:38:37',	'2014-09-08 20:38:37'),
(385,	2,	37,	0,	'2014-09-08 20:39:20',	'2014-09-08 20:39:20'),
(386,	1,	37,	5,	'2014-09-08 20:39:33',	'2014-09-08 20:39:33'),
(387,	4,	37,	1,	'2014-09-08 20:39:39',	'2014-09-08 20:39:39'),
(388,	5,	37,	0,	'2014-09-08 20:39:45',	'2014-09-08 20:39:45'),
(389,	7,	37,	1,	'2014-09-08 20:39:53',	'2014-09-08 20:39:53'),
(390,	8,	37,	1,	'2014-09-08 20:39:58',	'2014-09-08 20:39:58'),
(391,	9,	37,	1,	'2014-09-08 20:40:02',	'2014-09-08 20:40:02'),
(392,	10,	37,	5,	'2014-09-08 20:40:25',	'2014-09-08 20:40:25'),
(393,	11,	37,	0,	'2014-09-08 20:40:30',	'2014-09-08 20:40:30'),
(394,	3,	39,	1,	'2014-09-08 20:40:38',	'2014-09-08 20:40:38'),
(395,	2,	39,	1,	'2014-09-08 20:40:43',	'2014-09-08 20:40:43'),
(396,	1,	39,	1,	'2014-09-08 20:40:49',	'2014-09-08 20:40:49'),
(397,	1,	39,	0,	'2014-09-08 20:41:08',	'2014-09-08 20:41:08'),
(398,	5,	39,	0,	'2014-09-08 20:41:14',	'2014-09-08 20:41:14'),
(399,	7,	39,	1,	'2014-09-08 20:41:20',	'2014-09-08 20:41:20'),
(400,	8,	39,	0,	'2014-09-08 20:41:29',	'2014-09-08 20:41:29'),
(401,	9,	39,	5,	'2014-09-08 20:41:36',	'2014-09-08 20:41:36'),
(402,	10,	39,	5,	'2014-09-08 20:41:40',	'2014-09-08 20:41:40'),
(403,	11,	39,	1,	'2014-09-08 20:41:46',	'2014-09-08 20:41:46'),
(404,	3,	41,	0,	'2014-09-08 20:43:08',	'2014-09-08 20:43:08'),
(405,	2,	41,	1,	'2014-09-08 20:43:12',	'2014-09-08 20:43:12'),
(406,	1,	41,	5,	'2014-09-08 20:43:18',	'2014-09-08 20:43:18'),
(407,	4,	41,	5,	'2014-09-08 20:43:23',	'2014-09-08 20:43:23'),
(408,	5,	41,	0,	'2014-09-08 20:43:28',	'2014-09-08 20:43:28'),
(409,	7,	41,	1,	'2014-09-08 20:43:32',	'2014-09-08 20:43:32'),
(410,	8,	41,	0,	'2014-09-08 20:43:38',	'2014-09-08 20:43:38'),
(411,	9,	41,	10,	'2014-09-08 20:43:43',	'2014-09-08 20:43:43'),
(412,	10,	41,	10,	'2014-09-08 20:43:45',	'2014-09-08 20:43:45'),
(413,	11,	41,	0,	'2014-09-08 20:43:49',	'2014-09-08 20:43:49'),
(414,	3,	42,	0,	'2014-09-08 20:44:17',	'2014-09-08 20:44:17'),
(415,	2,	42,	0,	'2014-09-08 20:44:21',	'2014-09-08 20:44:21'),
(416,	1,	42,	10,	'2014-09-08 20:44:27',	'2014-09-08 20:44:27'),
(417,	4,	42,	1,	'2014-09-08 20:44:33',	'2014-09-08 20:44:33'),
(418,	5,	42,	0,	'2014-09-08 20:44:40',	'2014-09-08 20:44:40'),
(419,	7,	42,	1,	'2014-09-08 20:44:45',	'2014-09-08 20:44:45'),
(420,	8,	42,	0,	'2014-09-08 20:44:50',	'2014-09-08 20:44:50'),
(421,	9,	42,	5,	'2014-09-08 20:44:55',	'2014-09-08 20:44:55'),
(422,	10,	42,	10,	'2014-09-08 20:45:02',	'2014-09-08 20:45:02'),
(423,	11,	42,	0,	'2014-09-08 20:45:09',	'2014-09-08 20:45:09'),
(424,	3,	44,	5,	'2014-09-08 20:45:37',	'2014-09-08 20:45:37'),
(425,	2,	44,	5,	'2014-09-08 20:45:40',	'2014-09-08 20:45:40'),
(426,	1,	44,	0,	'2014-09-08 20:45:45',	'2014-09-08 20:45:45'),
(427,	4,	44,	0,	'2014-09-08 20:45:50',	'2014-09-08 20:45:50'),
(428,	5,	44,	0,	'2014-09-08 20:45:53',	'2014-09-08 20:45:53'),
(429,	7,	44,	1,	'2014-09-08 20:45:58',	'2014-09-08 20:45:58'),
(430,	8,	44,	5,	'2014-09-08 20:46:03',	'2014-09-08 20:46:03'),
(431,	9,	44,	1,	'2014-09-08 20:46:08',	'2014-09-08 20:46:08'),
(432,	10,	44,	1,	'2014-09-08 20:46:12',	'2014-09-08 20:46:12'),
(433,	11,	44,	5,	'2014-09-08 20:46:17',	'2014-09-08 20:46:17'),
(434,	3,	46,	1,	'2014-09-08 20:46:43',	'2014-09-08 20:46:43'),
(435,	2,	46,	1,	'2014-09-08 20:46:52',	'2014-09-08 20:46:52'),
(436,	1,	46,	0,	'2014-09-08 20:46:57',	'2014-09-08 20:46:57'),
(437,	4,	46,	0,	'2014-09-08 20:47:00',	'2014-09-08 20:47:00'),
(438,	5,	46,	0,	'2014-09-08 20:47:04',	'2014-09-08 20:47:04'),
(439,	7,	46,	0,	'2014-09-08 20:47:09',	'2014-09-08 20:47:09'),
(440,	8,	46,	0,	'2014-09-08 20:47:14',	'2014-09-08 20:47:14'),
(441,	9,	46,	5,	'2014-09-08 20:47:19',	'2014-09-08 20:47:19'),
(442,	10,	46,	10,	'2014-09-08 20:47:24',	'2014-09-08 20:47:24'),
(443,	11,	46,	0,	'2014-09-08 20:47:26',	'2014-09-08 20:47:40'),
(444,	3,	47,	0,	'2014-09-08 20:48:00',	'2014-09-08 20:48:00'),
(445,	2,	47,	1,	'2014-09-08 20:48:05',	'2014-09-08 20:48:05'),
(446,	6,	47,	5,	'2014-09-08 20:48:12',	'2014-09-08 20:48:12'),
(447,	4,	47,	0,	'2014-09-08 20:48:20',	'2014-09-08 20:48:19'),
(448,	5,	47,	0,	'2014-09-08 20:48:25',	'2014-09-08 20:48:25'),
(449,	7,	47,	1,	'2014-09-08 20:48:32',	'2014-09-08 20:48:32'),
(450,	8,	47,	0,	'2014-09-08 20:48:36',	'2014-09-08 20:48:36'),
(451,	9,	47,	0,	'2014-09-08 20:48:40',	'2014-09-08 20:48:40'),
(452,	10,	47,	5,	'2014-09-08 20:48:45',	'2014-09-08 20:48:45'),
(453,	11,	47,	0,	'2014-09-08 20:48:49',	'2014-09-08 20:48:49'),
(454,	3,	48,	1,	'2014-09-08 20:49:08',	'2014-09-08 20:49:08'),
(455,	2,	48,	0,	'2014-09-08 20:49:14',	'2014-09-08 20:49:14'),
(456,	6,	48,	1,	'2014-09-08 20:49:20',	'2014-09-08 20:49:20'),
(457,	4,	48,	1,	'2014-09-08 20:49:22',	'2014-09-08 20:49:22'),
(458,	5,	48,	0,	'2014-09-08 20:49:28',	'2014-09-08 20:49:28'),
(459,	7,	48,	1,	'2014-09-08 20:49:34',	'2014-09-08 20:49:34'),
(460,	8,	48,	0,	'2014-09-08 20:49:38',	'2014-09-08 20:49:38'),
(461,	9,	48,	1,	'2014-09-08 20:49:42',	'2014-09-08 20:49:42'),
(462,	10,	48,	5,	'2014-09-08 20:49:46',	'2014-09-08 20:49:46'),
(463,	11,	48,	0,	'2014-09-08 20:49:51',	'2014-09-08 20:49:51'),
(464,	3,	50,	1,	'2014-09-08 20:50:51',	'2014-09-08 20:50:51'),
(465,	2,	50,	1,	'2014-09-08 20:52:25',	'2014-09-08 20:52:25'),
(466,	1,	50,	10,	'2014-09-08 20:52:32',	'2014-09-08 20:52:32'),
(467,	4,	50,	0,	'2014-09-08 20:53:22',	'2014-09-08 20:53:22'),
(468,	5,	50,	0,	'2014-09-08 20:53:30',	'2014-09-08 20:53:30'),
(469,	7,	50,	5,	'2014-09-08 20:53:34',	'2014-09-08 20:53:34'),
(470,	8,	50,	1,	'2014-09-08 20:53:39',	'2014-09-08 20:53:39'),
(471,	9,	50,	0,	'2014-09-08 20:53:43',	'2014-09-08 20:53:43'),
(472,	10,	50,	10,	'2014-09-08 20:53:49',	'2014-09-08 20:53:49'),
(473,	11,	50,	0,	'2014-09-08 20:53:54',	'2014-09-08 20:53:54'),
(474,	3,	51,	0,	'2014-09-08 20:54:27',	'2014-09-08 20:54:27'),
(475,	2,	51,	0,	'2014-09-08 20:54:31',	'2014-09-08 20:54:31'),
(476,	6,	51,	0,	'2014-09-08 20:54:37',	'2014-09-08 20:54:37'),
(477,	5,	51,	0,	'2014-09-08 20:54:41',	'2014-09-08 20:54:41'),
(478,	7,	51,	5,	'2014-09-08 20:54:47',	'2014-09-08 20:54:47'),
(479,	8,	51,	0,	'2014-09-08 20:54:52',	'2014-09-08 20:54:52'),
(480,	9,	51,	5,	'2014-09-08 20:54:59',	'2014-09-08 20:54:59'),
(514,	3,	57,	10,	'2014-09-08 21:00:30',	'2014-09-08 21:00:30'),
(515,	2,	57,	5,	'2014-09-08 21:00:40',	'2014-09-08 21:00:40'),
(516,	6,	57,	1,	'2014-09-08 21:00:46',	'2014-09-08 21:00:46'),
(517,	4,	57,	0,	'2014-09-08 21:01:08',	'2014-09-08 21:01:08'),
(518,	5,	57,	0,	'2014-09-08 21:01:13',	'2014-09-08 21:01:13'),
(519,	7,	57,	1,	'2014-09-08 21:01:20',	'2014-09-08 21:01:20'),
(520,	8,	57,	1,	'2014-09-08 21:01:22',	'2014-09-08 21:01:22'),
(521,	9,	57,	1,	'2014-09-08 21:01:26',	'2014-09-08 21:01:26'),
(522,	10,	57,	5,	'2014-09-08 21:01:29',	'2014-09-08 21:01:29'),
(523,	11,	57,	1,	'2014-09-08 21:01:33',	'2014-09-08 21:01:33'),
(524,	3,	60,	0,	'2014-09-08 21:01:44',	'2014-09-08 21:01:44'),
(525,	2,	60,	1,	'2014-09-08 21:01:47',	'2014-09-08 21:01:47'),
(526,	1,	60,	10,	'2014-09-08 21:01:53',	'2014-09-08 21:01:53'),
(527,	4,	60,	0,	'2014-09-08 21:01:59',	'2014-09-08 21:01:59'),
(528,	5,	60,	1,	'2014-09-08 21:02:03',	'2014-09-08 21:02:03'),
(529,	7,	60,	1,	'2014-09-08 21:02:09',	'2014-09-08 21:02:09'),
(530,	8,	60,	0,	'2014-09-08 21:02:13',	'2014-09-08 21:02:13'),
(531,	9,	60,	0,	'2014-09-08 21:02:18',	'2014-09-08 21:02:18'),
(532,	10,	60,	5,	'2014-09-08 21:02:26',	'2014-09-08 21:02:26'),
(533,	11,	60,	0,	'2014-09-08 21:02:31',	'2014-09-08 21:02:31'),
(534,	3,	61,	5,	'2014-09-08 21:02:50',	'2014-09-08 21:02:50'),
(535,	2,	61,	1,	'2014-09-08 21:02:56',	'2014-09-08 21:02:56'),
(536,	1,	61,	1,	'2014-09-08 21:03:00',	'2014-09-08 21:03:00'),
(537,	4,	61,	5,	'2014-09-08 21:03:05',	'2014-09-08 21:03:05'),
(538,	5,	61,	0,	'2014-09-08 21:03:12',	'2014-09-08 21:03:12'),
(539,	7,	61,	5,	'2014-09-08 21:03:19',	'2014-09-08 21:03:19'),
(540,	8,	61,	0,	'2014-09-08 21:03:23',	'2014-09-08 21:03:23'),
(541,	9,	61,	5,	'2014-09-08 21:03:28',	'2014-09-08 21:03:28'),
(542,	10,	61,	5,	'2014-09-08 21:03:32',	'2014-09-08 21:03:32'),
(543,	11,	61,	0,	'2014-09-08 21:03:40',	'2014-09-08 21:03:40'),
(544,	3,	43,	1,	'2014-09-08 21:04:18',	'2014-09-08 21:04:18'),
(545,	2,	43,	1,	'2014-09-08 21:04:21',	'2014-09-08 21:04:21'),
(546,	6,	43,	0,	'2014-09-08 21:05:37',	'2014-09-08 21:06:27'),
(547,	4,	43,	1,	'2014-09-08 21:06:18',	'2014-09-08 21:06:18'),
(548,	5,	43,	1,	'2014-09-08 21:06:43',	'2014-09-08 21:06:43'),
(549,	7,	43,	5,	'2014-09-08 21:06:47',	'2014-09-08 21:06:47'),
(550,	8,	43,	0,	'2014-09-08 21:06:51',	'2014-09-08 21:06:51'),
(551,	9,	43,	0,	'2014-09-08 21:06:56',	'2014-09-08 21:06:56'),
(552,	10,	43,	5,	'2014-09-08 21:06:59',	'2014-09-08 21:06:59'),
(553,	11,	43,	0,	'2014-09-08 21:07:04',	'2014-09-08 21:07:04'),
(554,	3,	45,	5,	'2014-09-08 21:07:18',	'2014-09-08 21:07:18'),
(555,	2,	45,	0,	'2014-09-08 21:07:23',	'2014-09-08 21:07:23'),
(556,	4,	45,	0,	'2014-09-08 21:07:27',	'2014-09-08 21:07:27'),
(557,	5,	45,	0,	'2014-09-08 21:07:31',	'2014-09-08 21:07:31'),
(558,	6,	45,	5,	'2014-09-08 21:07:35',	'2014-09-08 21:07:35'),
(559,	7,	45,	10,	'2014-09-08 21:07:39',	'2014-09-08 21:07:39'),
(560,	8,	45,	0,	'2014-09-08 21:07:45',	'2014-09-08 21:07:45'),
(561,	9,	45,	0,	'2014-09-08 21:07:48',	'2014-09-08 21:07:48'),
(562,	10,	45,	10,	'2014-09-08 21:07:53',	'2014-09-08 21:07:53'),
(563,	11,	45,	0,	'2014-09-08 21:07:58',	'2014-09-08 21:07:58'),
(564,	3,	49,	1,	'2014-09-08 21:08:08',	'2014-09-08 21:08:08'),
(565,	2,	49,	0,	'2014-09-08 21:08:12',	'2014-09-08 21:08:12'),
(566,	4,	49,	5,	'2014-09-08 21:08:17',	'2014-09-08 21:08:17'),
(567,	5,	49,	0,	'2014-09-08 21:08:21',	'2014-09-08 21:08:21'),
(568,	6,	49,	1,	'2014-09-08 21:08:25',	'2014-09-08 21:08:25'),
(569,	7,	49,	5,	'2014-09-08 21:08:29',	'2014-09-08 21:08:29'),
(570,	8,	49,	0,	'2014-09-08 21:08:33',	'2014-09-08 21:08:33'),
(571,	9,	49,	0,	'2014-09-08 21:08:51',	'2014-09-08 21:08:51'),
(572,	10,	49,	5,	'2014-09-08 21:08:56',	'2014-09-08 21:08:56'),
(573,	11,	49,	0,	'2014-09-08 21:09:24',	'2014-09-08 21:09:24'),
(574,	3,	54,	1,	'2014-09-08 21:09:42',	'2014-09-08 21:09:42'),
(575,	2,	54,	0,	'2014-09-08 21:09:47',	'2014-09-08 21:09:47'),
(576,	4,	54,	0,	'2014-09-08 21:09:51',	'2014-09-08 21:09:51'),
(577,	5,	54,	0,	'2014-09-08 21:09:55',	'2014-09-08 21:09:55'),
(578,	6,	54,	5,	'2014-09-08 21:10:00',	'2014-09-08 21:10:00'),
(579,	7,	54,	5,	'2014-09-08 21:10:04',	'2014-09-08 21:10:04'),
(580,	8,	54,	10,	'2014-09-08 21:10:08',	'2014-09-08 21:10:08'),
(581,	9,	54,	0,	'2014-09-08 21:10:14',	'2014-09-08 21:10:14'),
(582,	10,	54,	1,	'2014-09-08 21:10:18',	'2014-09-08 21:10:18'),
(583,	11,	54,	10,	'2014-09-08 21:10:22',	'2014-09-08 21:10:22'),
(584,	3,	56,	5,	'2014-09-08 21:10:45',	'2014-09-08 21:10:45'),
(585,	2,	56,	1,	'2014-09-08 21:10:48',	'2014-09-08 21:10:48'),
(586,	4,	56,	5,	'2014-09-08 21:10:52',	'2014-09-08 21:10:52'),
(587,	5,	56,	0,	'2014-09-08 21:10:58',	'2014-09-08 21:10:58'),
(588,	6,	56,	0,	'2014-09-08 21:11:01',	'2014-09-08 21:11:01'),
(589,	7,	56,	0,	'2014-09-08 21:11:04',	'2014-09-08 21:11:04'),
(590,	8,	56,	0,	'2014-09-08 21:11:06',	'2014-09-08 21:11:06'),
(591,	9,	56,	1,	'2014-09-08 21:11:10',	'2014-09-08 21:11:10'),
(592,	10,	56,	10,	'2014-09-08 21:11:14',	'2014-09-08 21:11:14'),
(593,	11,	56,	0,	'2014-09-08 21:11:18',	'2014-09-08 21:11:18'),
(594,	3,	58,	0,	'2014-09-08 21:11:26',	'2014-09-08 21:11:26'),
(595,	2,	58,	0,	'2014-09-08 21:11:31',	'2014-09-08 21:11:31'),
(596,	4,	58,	1,	'2014-09-08 21:11:35',	'2014-09-08 21:11:35'),
(597,	5,	58,	0,	'2014-09-08 21:11:41',	'2014-09-08 21:11:41'),
(598,	6,	58,	0,	'2014-09-08 21:11:52',	'2014-09-08 21:11:52'),
(599,	7,	58,	1,	'2014-09-08 21:11:55',	'2014-09-08 21:11:55'),
(600,	8,	58,	0,	'2014-09-08 21:12:00',	'2014-09-08 21:12:00'),
(601,	9,	58,	1,	'2014-09-08 21:12:05',	'2014-09-08 21:12:05'),
(602,	10,	58,	10,	'2014-09-08 21:12:12',	'2014-09-08 21:12:12'),
(603,	11,	58,	0,	'2014-09-08 21:12:17',	'2014-09-08 21:12:17'),
(604,	3,	59,	1,	'2014-09-08 21:12:28',	'2014-09-08 21:12:28'),
(605,	2,	59,	1,	'2014-09-08 21:12:31',	'2014-09-08 21:12:31'),
(606,	4,	59,	1,	'2014-09-08 21:12:35',	'2014-09-08 21:12:35'),
(607,	5,	59,	0,	'2014-09-08 21:12:40',	'2014-09-08 21:12:40'),
(608,	6,	59,	0,	'2014-09-08 21:12:44',	'2014-09-08 21:12:44'),
(1073,	11,	108,	5,	'2014-09-08 23:00:01',	'2014-09-08 23:00:01');

DROP TABLE IF EXISTS `schema_migrations`;
CREATE TABLE `schema_migrations` (
  `id` int(11) NOT NULL AUTO_INCREMENT,
  `class` varchar(255) NOT NULL,
  `type` varchar(50) NOT NULL,
  `created` datetime NOT NULL,
  PRIMARY KEY (`id`)
) ENGINE=InnoDB DEFAULT CHARSET=utf8;

INSERT INTO `schema_migrations` (`id`, `class`, `type`, `created`) VALUES
(1,	'InitMigrations',	'Migrations',	'2014-11-08 20:53:27'),
(2,	'ConvertVersionToClassNames',	'Migrations',	'2014-11-08 20:53:27'),
(3,	'IncreaseClassNameLength',	'Migrations',	'2014-11-08 20:53:27'),
(4,	'HerosCounterTableRename',	'app',	'2014-11-08 20:54:17'),
(5,	'AddingNewHeroAttrs',	'app',	'2014-11-08 20:55:25');

DROP TABLE IF EXISTS `sides`;
CREATE TABLE `sides` (
  `id` int(11) NOT NULL AUTO_INCREMENT,
  `name` varchar(25) NOT NULL,
  `created` datetime NOT NULL,
  `modified` datetime NOT NULL,
  PRIMARY KEY (`id`)
) ENGINE=InnoDB DEFAULT CHARSET=utf8;

INSERT INTO `sides` (`id`, `name`, `created`, `modified`) VALUES
(1,	'Radiant',	'2014-09-06 22:08:43',	'2014-09-06 22:08:43'),
(2,	'Dire',	'2014-09-06 22:08:48',	'2014-09-06 22:08:48');

DROP TABLE IF EXISTS `strategies`;
CREATE TABLE `strategies` (
  `id` int(11) NOT NULL,
  `name` varchar(45) DEFAULT NULL,
  `modified` datetime DEFAULT NULL,
  `created` datetime DEFAULT NULL,
  PRIMARY KEY (`id`)
) ENGINE=InnoDB DEFAULT CHARSET=utf8;


DROP TABLE IF EXISTS `strategies_roles`;
CREATE TABLE `strategies_roles` (
  `id` int(11) NOT NULL,
  `role_id` int(11) NOT NULL,
  `strategy_id` int(11) NOT NULL,
  `created` datetime DEFAULT NULL,
  `modified` datetime DEFAULT NULL,
  PRIMARY KEY (`id`)
) ENGINE=InnoDB DEFAULT CHARSET=utf8;


DROP TABLE IF EXISTS `users`;
CREATE TABLE `users` (
  `id` int(11) NOT NULL,
  `username` varchar(50) DEFAULT NULL,
  `password` varchar(45) DEFAULT NULL,
  `role` varchar(20) DEFAULT NULL,
  `created` datetime DEFAULT NULL,
  `modified` datetime DEFAULT NULL,
  PRIMARY KEY (`id`)
) ENGINE=InnoDB DEFAULT CHARSET=utf8;


-- 2014-11-09 14:48:49
